,Unnamed: 0,accuracy,val_accuracy,loss,val_loss
0,0.0,0.144329890608788,0.35051545500755293,0.360824733972549,0.35051545500755293
1,1.0,0.142857149243355,0.28571429848671,0.19047619402408603,0.28571429848671
2,2.0,2.8265655040741002,1.70051383972168,1.8210419416427601,1.70051383972168
3,,12.884672,2.826566,2.826566,2.826566
4,,6.917248,1.821042,1.821042,1.821042
5,,6.405762,1.700514,1.700514,1.700514
